family,genus,keyword,action,video_path
macropodidae,macropus_osphranter,kangaroo,mate,gsMx-nT1aPM
macropodidae,macropus_osphranter,kangaroo,mate,wCyUxo_eRhw
macropodidae,macropus_osphranter,kangaroo,mate,FWHeoyGZruA
macropodidae,macropus_osphranter,kangaroo,mate,wOdjdG-NbmE
macropodidae,macropus_osphranter,kangaroo,mate,V7uRvRug7sY
macropodidae,macropus_osphranter,kangaroo,mate,fHjvQNjTpf8
macropodidae,macropus_osphranter,kangaroo,mate,q0L3FVT3QUs
macropodidae,macropus_osphranter,kangaroo,mate,vNaPpujskFA
macropodidae,macropus_osphranter,kangaroo,mate,NtJ4xtCKmwg
macropodidae,macropus_osphranter,kangaroo,mate,1PCPQHtqHog
macropodidae,macropus_osphranter,kangaroo,mate,G4jqJ9EIKV4
macropodidae,macropus_osphranter,kangaroo,mate,ZNU-BJiKFg0
macropodidae,macropus_osphranter,kangaroo,mate,7cgUTpMuIys
macropodidae,macropus_osphranter,kangaroo,mate,hS0xjnxtqUk
macropodidae,macropus_osphranter,kangaroo,mate,2r-yk0INLRo
macropodidae,macropus_osphranter,kangaroo,mate,Ipkmj2VKupk
macropodidae,macropus_osphranter,kangaroo,mate,bxzSo6WnNhs
macropodidae,macropus_osphranter,kangaroo,mate,mUm7b5_UGZ0
macropodidae,macropus_osphranter,kangaroo,poop,ZlFJwwL7AAM
macropodidae,macropus_osphranter,kangaroo,poop,HfrIvQDCRRI
macropodidae,macropus_osphranter,kangaroo,poop,9bnGKyNtqNU
macropodidae,macropus_osphranter,kangaroo,poop,xaaG4M0d9BA
macropodidae,macropus_osphranter,kangaroo,poop,FUSA4944vsY
macropodidae,macropus_osphranter,kangaroo,poop,5PlsBZS2MQg
macropodidae,macropus_osphranter,kangaroo,poop,ysQJ2n8HkGk
macropodidae,macropus_osphranter,kangaroo,poop,jAWmxh8Jb5U
macropodidae,macropus_osphranter,kangaroo,poop,fY5sRCQey4Y
macropodidae,macropus_osphranter,kangaroo,poop,07NftLZg7fQ
macropodidae,macropus_osphranter,kangaroo,poop,0uvpGaS6ckY
macropodidae,macropus_osphranter,kangaroo,poop,L-fvbbLZiN0
macropodidae,macropus_osphranter,kangaroo,poop,8uJojEQnPA8
macropodidae,macropus_osphranter,kangaroo,poop,n2_ikcu2cWo
macropodidae,macropus_osphranter,kangaroo,poop,jX5OQDtCy7I
macropodidae,macropus_osphranter,kangaroo,poop,g1w4lPou8kM
macropodidae,macropus_osphranter,kangaroo,poop,dqedwjuT-uw
macropodidae,macropus_osphranter,kangaroo,poop,a9mfG5Yz-cc
macropodidae,macropus_osphranter,kangaroo,poop,n2_ikcu2cWo
macropodidae,macropus_osphranter,kangaroo,poop,zhN2Zkmhq_4
macropodidae,macropus_osphranter,kangaroo,poop,wAqGM-XTMOU
macropodidae,macropus_osphranter,kangaroo,poop,b9dLqp1mSbE
macropodidae,macropus_osphranter,kangaroo,battle,Ks7vvSI4-1U
macropodidae,macropus_osphranter,kangaroo,battle,_l0qQHz0488
macropodidae,macropus_osphranter,kangaroo,battle,oRfn-nUylqQ
macropodidae,macropus_osphranter,kangaroo,battle,5yEOnwYrFV8
macropodidae,macropus_osphranter,kangaroo,battle,6NlQ-L1eGV8
macropodidae,macropus_osphranter,kangaroo,battle,lQmnqaUU-zc
macropodidae,macropus_osphranter,kangaroo,battle,bcwlNYoo6JA
macropodidae,macropus_osphranter,kangaroo,battle,_BetOS4uTGU
macropodidae,macropus_osphranter,kangaroo,battle,7Jp79mmh6so
macropodidae,macropus_osphranter,kangaroo,battle,09QtLtproFA
macropodidae,macropus_osphranter,kangaroo,battle,74ZKnGU-QFA
macropodidae,macropus_osphranter,kangaroo,battle,_XcgyqJ1534
macropodidae,macropus_osphranter,kangaroo,battle,r6s_nImXQLA
macropodidae,macropus_osphranter,kangaroo,battle,nAanezhjM5o
macropodidae,macropus_osphranter,kangaroo,battle,cLqygjfn7Os
macropodidae,macropus_osphranter,kangaroo,battle,ee92iKM4wPc
macropodidae,macropus_osphranter,kangaroo,battle,oQd01RZbX7o
macropodidae,macropus_osphranter,kangaroo,battle,BNZ_BKW8rTw
macropodidae,macropus_osphranter,kangaroo,battle,EUSxwcTVyW4
macropodidae,macropus_osphranter,kangaroo,battle,qMKiXdVxADY
macropodidae,macropus_osphranter,kangaroo,battle,UbkAYM04mR8
macropodidae,macropus_osphranter,kangaroo,battle,Om-8dZVVa0Q
macropodidae,macropus_osphranter,kangaroo,battle,R-fdP76FVi0
macropodidae,macropus_osphranter,kangaroo,battle,n16i14HBuss
macropodidae,macropus_osphranter,kangaroo,battle,KRJXgLqWdjU
macropodidae,macropus_osphranter,kangaroo,battle,_P71BTlFLz8
macropodidae,macropus_osphranter,kangaroo,battle,2rO0kRHtBus
macropodidae,macropus_osphranter,kangaroo,battle,TvGc6mT4tE8
macropodidae,macropus_osphranter,kangaroo,battle,ggE2aAiE-ZU
macropodidae,macropus_osphranter,kangaroo,battle,nfBZbD-Hkqc
macropodidae,macropus_osphranter,kangaroo,battle,rcnUYnAaOXo
macropodidae,macropus_osphranter,kangaroo,battle,OpUiweusgl4
macropodidae,macropus_osphranter,kangaroo,battle,xSi0wdNnf8I
macropodidae,macropus_osphranter,kangaroo,battle,cIcYVyDajyw
macropodidae,macropus_osphranter,kangaroo,battle,f7SUno8rrFo
macropodidae,macropus_osphranter,kangaroo,battle,f6DeUaea6lM
macropodidae,macropus_osphranter,kangaroo,battle,cP1UtDWzcRs
macropodidae,macropus_osphranter,kangaroo,battle,FBhu35DpQaA
macropodidae,macropus_osphranter,kangaroo,duel,NUPaeXA98U8
macropodidae,macropus_osphranter,kangaroo,duel,lrbp76Xh6c4
macropodidae,macropus_osphranter,kangaroo,duel,4DRRK1N5nW8
macropodidae,macropus_osphranter,kangaroo,duel,sW9HtjUu3Bg
macropodidae,macropus_osphranter,kangaroo,duel,I4q5cI19Lkw
macropodidae,macropus_osphranter,kangaroo,duel,GwuScdQgF8g
macropodidae,macropus_osphranter,kangaroo,duel,hylxZu4Eo5E
macropodidae,macropus_osphranter,kangaroo,duel,DNNxL-YS0zI
macropodidae,macropus_osphranter,kangaroo,duel,qn2AKDQN2Zk
macropodidae,macropus_osphranter,kangaroo,duel,zgQelQ0sRLs
macropodidae,macropus_osphranter,kangaroo,duel,XbDYMvZD3yc
macropodidae,macropus_osphranter,kangaroo,duel,96RWdZi2R0k
macropodidae,macropus_osphranter,kangaroo,duel,cy5DHhTofeI
macropodidae,macropus_osphranter,kangaroo,duel,RnRQofNXU_U
macropodidae,macropus_osphranter,kangaroo,duel,DE7aMTEUJi4
macropodidae,macropus_osphranter,kangaroo,duel,Q2IsZYyw0jY
macropodidae,macropus_osphranter,kangaroo,duel,XbDYMvZD3yc
macropodidae,macropus_osphranter,kangaroo,duel,p4cDcQP-iwU
macropodidae,macropus_osphranter,kangaroo,duel,KiFULqGqA1Y
macropodidae,macropus_osphranter,kangaroo,duel,_5YVMfBBnj0
macropodidae,macropus_osphranter,kangaroo,duel,z-c3I_pF33I
macropodidae,macropus_osphranter,kangaroo,hug,95Yn8w_ybs0
macropodidae,macropus_osphranter,kangaroo,hug,FQ3ZDKUs9wY
macropodidae,macropus_osphranter,kangaroo,hug,iLg7hf_ZdrU
macropodidae,macropus_osphranter,kangaroo,hug,aztQhrTxyjI
macropodidae,macropus_osphranter,kangaroo,hug,xkkEZyDEq4o
macropodidae,macropus_osphranter,kangaroo,hug,zTSlzEUM9s0
macropodidae,macropus_osphranter,kangaroo,hug,hmUXVC3thTw
macropodidae,macropus_osphranter,kangaroo,hug,97HxeRrii38
macropodidae,macropus_osphranter,kangaroo,hug,RJzJrVYyS3c
macropodidae,macropus_osphranter,kangaroo,hug,AbN0DLefSG0
macropodidae,macropus_osphranter,kangaroo,hug,GxzXZr3MY3g
macropodidae,macropus_osphranter,kangaroo,hug,vRUcqcEsszI
macropodidae,macropus_osphranter,kangaroo,hug,NJG7s0RU56o
macropodidae,macropus_osphranter,kangaroo,hug,LqVekrc1sS0
macropodidae,macropus_osphranter,kangaroo,hug,DTucdVLV3C0
macropodidae,macropus_osphranter,kangaroo,hug,DXdxNGLyF3U
macropodidae,macropus_osphranter,kangaroo,hug,jILRjbGtCvs
macropodidae,macropus_osphranter,kangaroo,hug,Ro7ndiQyJnY
macropodidae,macropus_osphranter,kangaroo,hug,rv6aOY8dFK8
macropodidae,macropus_osphranter,kangaroo,hug,ZI3NCrCH9NA
macropodidae,macropus_osphranter,kangaroo,hug,-Xm0xRxUvcw
macropodidae,macropus_osphranter,kangaroo,hug,Dow4QU81AyQ
macropodidae,macropus_osphranter,kangaroo,hug,2_ZByQqUvGg
macropodidae,macropus_osphranter,kangaroo,hug,k3Mk95J9CFw
macropodidae,macropus_osphranter,kangaroo,hug,u4bzr1nna4Q
macropodidae,macropus_osphranter,kangaroo,hug,ROm_BMnt_Tw
macropodidae,macropus_osphranter,kangaroo,hug,RhCDvx1EL7k
macropodidae,macropus_osphranter,kangaroo,hug,Oyo3Okk-c8c
macropodidae,macropus_osphranter,kangaroo,hug,N-C6reGtcwU
macropodidae,macropus_osphranter,kangaroo,hug,u6xoD8XmjKk
macropodidae,macropus_osphranter,kangaroo,hug,ZICaCDBfVPo
macropodidae,macropus_osphranter,kangaroo,hug,TI3ZvzHEQ5w
macropodidae,macropus_osphranter,kangaroo,hug,-QI4GvdovFM
macropodidae,macropus_osphranter,kangaroo,hug,vlU_ioxfyz4
macropodidae,macropus_osphranter,kangaroo,hug,FE8iSOkQlnI
macropodidae,macropus_osphranter,kangaroo,hug,XPm7TLXPyMk
macropodidae,macropus_osphranter,kangaroo,hug,-CfNLPj3_74
macropodidae,macropus_osphranter,kangaroo,hug,5gNd-_-5_4M
macropodidae,macropus_osphranter,kangaroo,hug,UeYwb-q4jc4
macropodidae,macropus_osphranter,kangaroo,hug,t_x9n0JPRSA
macropodidae,macropus_osphranter,kangaroo,hug,B-iZTarxNVw
macropodidae,macropus_osphranter,kangaroo,hug,LZoLJmT92Lw
macropodidae,macropus_osphranter,kangaroo,hug,2UpcP_onsYY
macropodidae,macropus_osphranter,kangaroo,hug,625WJKBbHQ8
macropodidae,macropus_osphranter,kangaroo,hug,iCnrtI-eNx8
macropodidae,macropus_osphranter,kangaroo,hug,u4bzr1nna4Q
macropodidae,macropus_osphranter,kangaroo,hug,RUx6s0JHHeY
macropodidae,macropus_osphranter,kangaroo,hug,m63joN8ALIg
macropodidae,macropus_osphranter,kangaroo,hug,LlC3H7LHJ9Y
macropodidae,macropus_osphranter,kangaroo,hug,HYEm_ifElKI
macropodidae,macropus_osphranter,kangaroo,hug,31HVuY3WWvU
macropodidae,macropus_osphranter,kangaroo,hug,GIhzJaNlwIA
macropodidae,macropus_osphranter,kangaroo,hug,CcZsWtEhuz0
macropodidae,macropus_osphranter,kangaroo,hug,9A-c-bFMSuM
macropodidae,macropus_osphranter,kangaroo,breastfeed,0XQFUZ4RQ2Q
macropodidae,macropus_osphranter,kangaroo,breastfeed,-cIawnNKlkk
macropodidae,macropus_osphranter,kangaroo,breastfeed,fXPN8oqFWGo
macropodidae,macropus_osphranter,kangaroo,breastfeed,vFwiSWSfi7I
macropodidae,macropus_osphranter,kangaroo,breastfeed,-h3XWSOzucQ
macropodidae,macropus_osphranter,kangaroo,breastfeed,dPb8h8MZxfw
macropodidae,macropus_osphranter,kangaroo,breastfeed,nqSI16XPufM
macropodidae,macropus_osphranter,kangaroo,breastfeed,rnP6sxO-oh0
macropodidae,macropus_osphranter,kangaroo,breastfeed,i0XoWRgii54
macropodidae,macropus_osphranter,kangaroo,birth,UpsnREY-6no
macropodidae,macropus_osphranter,kangaroo,birth,PmJkn9dJDQ8
macropodidae,macropus_osphranter,kangaroo,birth,5oxBVsjEp-Y
macropodidae,macropus_osphranter,kangaroo,birth,ywTPDtef6vA
macropodidae,macropus_osphranter,kangaroo,birth,EkKT6H2SMHU
macropodidae,macropus_osphranter,kangaroo,birth,9JWzoLiUvnU
macropodidae,macropus_osphranter,kangaroo,birth,jWFwS-urWPQ
macropodidae,macropus_osphranter,kangaroo,birth,DQK1k5dfXXs
macropodidae,macropus_osphranter,kangaroo,birth,iNJmC3UdAJI
macropodidae,macropus_osphranter,kangaroo,birth,M09fTjzQTCU
macropodidae,macropus_osphranter,kangaroo,birth,ATl5hFFc-LM
macropodidae,macropus_osphranter,kangaroo,birth,YGDHT9JcKzY
macropodidae,macropus_osphranter,kangaroo,birth,7yhk8okw4Ag
macropodidae,macropus_osphranter,kangaroo,birth,XeJCQm5hiFA
macropodidae,macropus_osphranter,kangaroo,birth,tFyfF5Yqfmw
macropodidae,macropus_osphranter,kangaroo,birth,MfzWWDXnmRI
macropodidae,macropus_osphranter,kangaroo,birth,uXoyX3md7rc
macropodidae,macropus_osphranter,kangaroo,birth,9paBpgEuA1Q
macropodidae,macropus_osphranter,kangaroo,birth,xadWnuAPFcI
macropodidae,macropus_osphranter,kangaroo,birth,2MaFJb4N8QQ
macropodidae,macropus_osphranter,kangaroo,birth,OBRhEqIQ-Eo
macropodidae,macropus_osphranter,kangaroo,birth,dkk8yh7fRgw
macropodidae,macropus_osphranter,kangaroo,birth,fFpUvCHxEhk
macropodidae,macropus_osphranter,kangaroo,birth,zdsNN-BHgQg
macropodidae,macropus_osphranter,kangaroo,birth,QWDWwMxoyE8
macropodidae,macropus_osphranter,kangaroo,birth,6SLJiIK_10Y
macropodidae,macropus_osphranter,kangaroo,birth,bNzQlrv5F5w
macropodidae,macropus_osphranter,kangaroo,birth,NExl6EdfYNw
macropodidae,macropus_osphranter,kangaroo,birth,g9Dgw6nnfz0
macropodidae,macropus_osphranter,kangaroo,birth,9500ZwC_utc
macropodidae,macropus_osphranter,kangaroo,birth,l8N4elYg5jg
macropodidae,macropus_osphranter,kangaroo,birth,kBAmTNZt4G0
macropodidae,macropus_osphranter,kangaroo,birth,35onJUJji0c
macropodidae,macropus_osphranter,kangaroo,birth,1k5kqKQW6OM
macropodidae,macropus_osphranter,kangaroo,birth,ecx7PGITR78
macropodidae,macropus_osphranter,kangaroo,birth,plHfA-xeZFc
macropodidae,macropus_osphranter,kangaroo,birth,6XmgEBz2D40
macropodidae,macropus_osphranter,kangaroo,birth,ibAIbn0cxZA
macropodidae,macropus_osphranter,kangaroo,birth,rPNDNlcqVj0
macropodidae,macropus_osphranter,kangaroo,birth,KEdckvHuB1w
macropodidae,macropus_osphranter,kangaroo,birth,WUWlbELH0Go
macropodidae,macropus_osphranter,kangaroo,birth,t0i0W6RgJBY
macropodidae,macropus_osphranter,kangaroo,birth,LJ6t1eOUX-g
macropodidae,macropus_osphranter,kangaroo,birth,9500ZwC_utc
macropodidae,macropus_osphranter,kangaroo,birth,kBAmTNZt4G0
macropodidae,macropus_osphranter,kangaroo,birth,C3hDSLGE4xg
macropodidae,macropus_osphranter,kangaroo,birth,bNzQlrv5F5w
macropodidae,macropus_osphranter,kangaroo,birth,cJ97qYIT2kc
macropodidae,macropus_osphranter,kangaroo,birth,2nTmb1DntYQ
macropodidae,macropus_osphranter,kangaroo,birth,i4MyCcjw1Zs
macropodidae,macropus_osphranter,kangaroo,birth,Kvqs5JnXz6Q
macropodidae,macropus_osphranter,kangaroo,birth,I4XFGhx22Rs
macropodidae,macropus_osphranter,kangaroo,nurse,U2GYMPFy3pI
macropodidae,macropus_osphranter,kangaroo,nurse,7LIOSOgk1S8
macropodidae,macropus_osphranter,kangaroo,nurse,LwH1SkEIGxo
macropodidae,macropus_osphranter,kangaroo,nurse,GflpCcjH0bQ
macropodidae,macropus_osphranter,kangaroo,nurse,sQqo-KuYW44
macropodidae,macropus_osphranter,kangaroo,nurse,EdNwGJKVPDA
macropodidae,macropus_osphranter,kangaroo,nurse,QvoNXVXfsMY
macropodidae,macropus_osphranter,kangaroo,nurse,ICZ49YFMT_I
macropodidae,macropus_osphranter,kangaroo,nurse,7LIOSOgk1S8
macropodidae,macropus_osphranter,kangaroo,nurse,-mJ8ZcycCf4
macropodidae,macropus_osphranter,kangaroo,nurse,F48H6Hn9EWg
macropodidae,macropus_osphranter,kangaroo,nurse,dXJIxAcuHJA
macropodidae,macropus_osphranter,kangaroo,nurse,qo3hrXXuwIk
macropodidae,macropus_osphranter,kangaroo,nurse,E3J5Pl8qJ14
macropodidae,macropus_osphranter,kangaroo,nurse,MFtOKI8D90M
macropodidae,macropus_osphranter,kangaroo,nurse,cBYkWXE0_VI
macropodidae,macropus_osphranter,kangaroo,nurse,nKwAPH9zEm4
macropodidae,macropus_osphranter,kangaroo,nurse,6kgCekGpGdg
macropodidae,macropus_osphranter,kangaroo,nurse,jfcIXJfbrV0
macropodidae,macropus_osphranter,kangaroo,nurse,Lv1Rya7Rv2g
macropodidae,macropus_osphranter,kangaroo,nurse,tjWsZLSDHPg
macropodidae,macropus_osphranter,kangaroo,nurse,ztEVPrHoP-8
macropodidae,macropus_osphranter,kangaroo,nurse,3XaoDTiI-cY
macropodidae,macropus_osphranter,kangaroo,nurse,zIHAt8jqlLE
macropodidae,macropus_osphranter,kangaroo,nurse,dvwaZue5QyA
macropodidae,macropus_osphranter,kangaroo,nurse,tGCcmKYXhfk
macropodidae,macropus_osphranter,kangaroo,nurse,pzB7nrL8CSo
macropodidae,macropus_osphranter,kangaroo,nurse,Js3HkovqoHU
macropodidae,macropus_osphranter,kangaroo,pee,7AZtSG7YYIQ
macropodidae,macropus_osphranter,kangaroo,pee,tKpspdL5vA0
macropodidae,macropus_osphranter,kangaroo,pee,zRF-8xPZ5ts
macropodidae,macropus_osphranter,kangaroo,pee,zntH2K4aRgY
macropodidae,macropus_osphranter,kangaroo,pee,mOzyNOkPOCw
macropodidae,macropus_osphranter,kangaroo,pee,UV1IuK-Gbg8
macropodidae,macropus_osphranter,kangaroo,pee,wJoOEpZ-oWw
macropodidae,macropus_osphranter,kangaroo,pee,Jq4e0fk7ZeY
macropodidae,macropus_osphranter,kangaroo,pee,iJYUzM1GQK4
macropodidae,macropus_osphranter,kangaroo,pee,a74Oa-l6eW8
macropodidae,macropus_osphranter,kangaroo,pee,3OeTKxdl99A
macropodidae,macropus_osphranter,kangaroo,pee,jow5jHKsgC0
macropodidae,macropus_osphranter,kangaroo,pee,TMQxz2--9yE
macropodidae,macropus_osphranter,kangaroo,pee,wGXWsoPQCO8
macropodidae,macropus_osphranter,kangaroo,feed baby,CjhcV_PyIp8
macropodidae,macropus_osphranter,kangaroo,feed baby,mCtSiImXpRo
macropodidae,macropus_osphranter,kangaroo,feed baby,N3sU2rmGULM
macropodidae,macropus_osphranter,kangaroo,feed baby,6lcOtyaQLbQ
macropodidae,macropus_osphranter,kangaroo,feed baby,XVbcU5YYoIE
macropodidae,macropus_osphranter,kangaroo,feed baby,SPoe8IViF3I
macropodidae,macropus_osphranter,kangaroo,feed baby,08OOd5wuwFU
macropodidae,macropus_osphranter,kangaroo,feed baby,D8vfvoMAwe8
macropodidae,macropus_osphranter,kangaroo,feed baby,SSlKqioKog0
macropodidae,macropus_osphranter,kangaroo,feed baby,LfdXJaWILmE
macropodidae,macropus_osphranter,kangaroo,feed baby,dewKf1x997I
macropodidae,macropus_osphranter,kangaroo,feed baby,oAsipvuHdso
macropodidae,macropus_osphranter,kangaroo,feed baby,sDsmxZ4DBhQ
macropodidae,macropus_osphranter,kangaroo,feed baby,omJGWbLFx7I
macropodidae,macropus_osphranter,kangaroo,feed baby,gy4e9WrZgRk
macropodidae,macropus_osphranter,kangaroo,feed baby,5cWa_9PaczU
macropodidae,macropus_osphranter,kangaroo,feed baby,k6eo47We9Kw
macropodidae,macropus_osphranter,kangaroo,feed baby,vDZpBDzXvao
macropodidae,macropus_osphranter,kangaroo,feed baby,SOhivdPWwyg
macropodidae,macropus_osphranter,kangaroo,feed baby,BAf2g2X0dDs
macropodidae,macropus_osphranter,kangaroo,feed baby,IMWJfNiXByo
macropodidae,macropus_osphranter,kangaroo,feed baby,Ju0ZKSqnrz0
macropodidae,macropus_osphranter,kangaroo,feed baby,-a-aYY0LgPA
macropodidae,macropus_osphranter,kangaroo,feed baby,W7TvdyLrEQU
macropodidae,macropus_osphranter,kangaroo,feed baby,OydgyFCLugo
macropodidae,macropus_osphranter,kangaroo,feed baby,BsdI7aFrCE8
macropodidae,macropus_osphranter,kangaroo,feed baby,2gULI-RBL-w
macropodidae,macropus_osphranter,kangaroo,feed baby,v36FoLyiDpQ
macropodidae,macropus_osphranter,kangaroo,feed baby,QStjYiADw2U
macropodidae,macropus_osphranter,kangaroo,feed baby,vjLV0wmas1c
macropodidae,macropus_osphranter,kangaroo,feed baby,Ib_STCxKM3Y
macropodidae,macropus_osphranter,kangaroo,feed baby,Dm4Z_2vlYcE
macropodidae,macropus_osphranter,kangaroo,feed baby,a_en4qR0NT4
macropodidae,macropus_osphranter,kangaroo,feed baby,1o2NTsD8Dsk
macropodidae,macropus_osphranter,kangaroo,feed baby,CjhcV_PyIp8
macropodidae,macropus_osphranter,kangaroo,feed baby,mCtSiImXpRo
macropodidae,macropus_osphranter,kangaroo,feed baby,BAf2g2X0dDs
macropodidae,macropus_osphranter,kangaroo,feed baby,XVbcU5YYoIE
macropodidae,macropus_osphranter,kangaroo,feed baby,6lcOtyaQLbQ
macropodidae,macropus_osphranter,kangaroo,feed baby,N3sU2rmGULM
macropodidae,macropus_osphranter,kangaroo,feed baby,sDsmxZ4DBhQ
macropodidae,macropus_osphranter,kangaroo,feed baby,0XQFUZ4RQ2Q
macropodidae,macropus_osphranter,kangaroo,feed baby,08OOd5wuwFU
macropodidae,macropus_osphranter,kangaroo,feed baby,dewKf1x997I
macropodidae,macropus_osphranter,kangaroo,feed baby,uG3wtPZHKko
macropodidae,macropus_osphranter,kangaroo,feed baby,k6eo47We9Kw
macropodidae,macropus_osphranter,kangaroo,feed baby,EdNwGJKVPDA
macropodidae,macropus_osphranter,kangaroo,feed baby,TqKjYegckik
macropodidae,macropus_osphranter,kangaroo,feed baby,OydgyFCLugo
macropodidae,macropus_osphranter,kangaroo,feed baby,oAsipvuHdso
macropodidae,macropus_osphranter,kangaroo,feed baby,-a-aYY0LgPA
macropodidae,macropus_osphranter,kangaroo,feed baby,SOhivdPWwyg
macropodidae,macropus_osphranter,kangaroo,feed baby,-5NMmVRL8Vk
macropodidae,macropus_osphranter,kangaroo,feed baby,hODsVe99Kfk
macropodidae,macropus_osphranter,kangaroo,feed baby,xe7i999O4_8
macropodidae,macropus_osphranter,kangaroo,feed baby,mCtSiImXpRo
macropodidae,macropus_osphranter,kangaroo,feed baby,58f_q-4IoBM
macropodidae,macropus_osphranter,kangaroo,feed baby,kGrCgJv0tTM
macropodidae,macropus_osphranter,kangaroo,feed baby,JXcDQj_f_HQ
macropodidae,macropus_osphranter,kangaroo,feed baby,Dm4Z_2vlYcE
macropodidae,macropus_osphranter,kangaroo,feed baby,CjhcV_PyIp8
macropodidae,macropus_osphranter,kangaroo,feed baby,HT-OLIadpcI
macropodidae,macropus_osphranter,kangaroo,feed baby,oNi0XPYts8I
macropodidae,macropus_osphranter,kangaroo,feed baby,X3quni6aY0I
macropodidae,macropus_osphranter,kangaroo,feed baby,QP-4dUJqJUU
macropodidae,macropus_osphranter,kangaroo,feed baby,y0g91xzbJ80
macropodidae,macropus_osphranter,kangaroo,feed baby,1t2qanG0q7s
macropodidae,macropus_osphranter,kangaroo,feed baby,lv_PBnm16r4
macropodidae,macropus_osphranter,kangaroo,eat,agulh3bMPpE
macropodidae,macropus_osphranter,kangaroo,eat,AhIPwEVVPYg
macropodidae,macropus_osphranter,kangaroo,eat,2xARPiOOaSY
macropodidae,macropus_osphranter,kangaroo,eat,8s0dYLYlNW0
macropodidae,macropus_osphranter,kangaroo,eat,p1yNk7cI6Qg
macropodidae,macropus_osphranter,kangaroo,eat,gB2A0PsaO4A
macropodidae,macropus_osphranter,kangaroo,eat,xTNRdSYiKRc
macropodidae,macropus_osphranter,kangaroo,eat,drDs_QMqaJQ
macropodidae,macropus_osphranter,kangaroo,eat,3EJU0alz054
macropodidae,macropus_osphranter,kangaroo,eat,YCt30L8wwJk
macropodidae,macropus_osphranter,kangaroo,eat,lJywiCfnitU
macropodidae,macropus_osphranter,kangaroo,eat,MatDPIqZQuM
macropodidae,macropus_osphranter,kangaroo,eat,9c_KbyoQBAA
macropodidae,macropus_osphranter,kangaroo,eat,VNGUp9Hug3Y
macropodidae,macropus_osphranter,kangaroo,eat,3EEl3dlHjow
macropodidae,macropus_osphranter,kangaroo,eat,Co2EKIXuKtU
macropodidae,macropus_osphranter,kangaroo,eat,-TB0cQKEwBQ
macropodidae,macropus_osphranter,kangaroo,eat,n3p0S3s-120
macropodidae,macropus_osphranter,kangaroo,eat,FNT-fq8K0mE
macropodidae,macropus_osphranter,kangaroo,eat,yxjxhFjfJqA
macropodidae,macropus_osphranter,kangaroo,eat,9ujK-VOIW-E
macropodidae,macropus_osphranter,kangaroo,eat,fWClsS_1hU8
macropodidae,macropus_osphranter,kangaroo,eat,Qt8J3l3hevg
macropodidae,macropus_osphranter,kangaroo,eat,VopqhH06C2g
macropodidae,macropus_osphranter,kangaroo,eat,g16z_afHPhY
macropodidae,macropus_osphranter,kangaroo,eat,Z2wNdwRcuUQ
macropodidae,macropus_osphranter,kangaroo,eat,AzXlxujp8K4
macropodidae,macropus_osphranter,kangaroo,eat,eA1A5b1wPso
macropodidae,macropus_osphranter,kangaroo,eat,FOQj30XaEvo
macropodidae,macropus_osphranter,kangaroo,eat,bjf7mjfXExs
macropodidae,macropus_osphranter,kangaroo,eat,QA0livcgZQI
macropodidae,macropus_osphranter,kangaroo,eat,0qrglV8BUdA
macropodidae,macropus_osphranter,kangaroo,eat,PILBU8albhE
macropodidae,macropus_osphranter,kangaroo,eat,x9XVCZoS2GY
macropodidae,macropus_osphranter,kangaroo,eat,blg8lSU4wgw
macropodidae,macropus_osphranter,kangaroo,eat,Fgb7Ams_H24
macropodidae,macropus_osphranter,kangaroo,eat,iWD0jShZc7o
macropodidae,macropus_osphranter,kangaroo,eat,7wXdGxAWbso
macropodidae,macropus_osphranter,kangaroo,eat,OPIqLjmbJ7U
macropodidae,macropus_osphranter,kangaroo,eat,IAkvd_tEVUs
macropodidae,macropus_osphranter,kangaroo,eat,bePd2gfGaH8
macropodidae,macropus_osphranter,kangaroo,eat,TAgTIPaiPOk
macropodidae,macropus_osphranter,kangaroo,eat,G-bW0Q4V054
macropodidae,macropus_osphranter,kangaroo,eat,H2oVY14iza8
macropodidae,macropus_osphranter,kangaroo,eat,Fmv5Wo6IT1k
macropodidae,macropus_osphranter,kangaroo,eat,hdE6foF1L8Y
macropodidae,macropus_osphranter,kangaroo,eat,ofZ6TRXx38Q
macropodidae,macropus_osphranter,kangaroo,eat,xI4T37cuAPg
macropodidae,macropus_osphranter,kangaroo,eat,Lp9IUczie3U
macropodidae,macropus_osphranter,kangaroo,eat,_UontPeZXgI
macropodidae,macropus_osphranter,kangaroo,eat,7eb_2GxuEKU
macropodidae,macropus_osphranter,kangaroo,eat,6wLp_Z9Gltg
macropodidae,macropus_osphranter,kangaroo,eat,qwY_sQsg77k
macropodidae,macropus_osphranter,kangaroo,eat,-EcoEpabDlA
macropodidae,macropus_osphranter,kangaroo,eat,3MSQ9JzGrbc
macropodidae,macropus_osphranter,kangaroo,eat,ZvgPGIfYvtw
macropodidae,macropus_osphranter,kangaroo,eat,LkichkBCHg8
macropodidae,macropus_osphranter,kangaroo,eat,8lGIj_Jfe0o
macropodidae,macropus_osphranter,kangaroo,eat,IXF8y3PcKk0
macropodidae,macropus_osphranter,kangaroo,eat,yUIRYIwbhhA
macropodidae,macropus_osphranter,kangaroo,eat,Wl-C1hhu3ws
macropodidae,macropus_osphranter,kangaroo,eat,SiApRnyKgTE
macropodidae,macropus_osphranter,kangaroo,eat,YCC85bQk8EA
macropodidae,macropus_osphranter,kangaroo,eat,FFbmAlQv36g
macropodidae,macropus_osphranter,kangaroo,eat,JZCctbRW6yI
macropodidae,macropus_osphranter,kangaroo,eat,DhnuGoaleyU
macropodidae,macropus_osphranter,kangaroo,eat,7FjBlyR4vjQ
macropodidae,macropus_osphranter,kangaroo,eat,t0rZ4Yyxh30
macropodidae,macropus_osphranter,kangaroo,eat,xle5L5tn6Ns
macropodidae,macropus_osphranter,kangaroo,eat,aWVAa5IlF2E
macropodidae,macropus_osphranter,kangaroo,eat,_A1s3pGVUR4
macropodidae,macropus_osphranter,kangaroo,eat,eZ0wZx3BufE
macropodidae,macropus_osphranter,kangaroo,eat,dVw7HOEim4E
macropodidae,macropus_osphranter,kangaroo,eat,q7CtG55_n_0
macropodidae,macropus_osphranter,kangaroo,eat,FlITEDOK9L4
macropodidae,macropus_osphranter,kangaroo,eat,OUM4KbpCiJU
macropodidae,macropus_osphranter,kangaroo,eat,wZ1-zsGEyY0
macropodidae,macropus_osphranter,kangaroo,eat,CBQi1w9F_WA
macropodidae,macropus_osphranter,kangaroo,eat,AZFPgMXy-yk
macropodidae,macropus_osphranter,kangaroo,eat,_A1s3pGVUR4
macropodidae,macropus_osphranter,kangaroo,eat,fe_Qjq0NLWw
macropodidae,macropus_osphranter,kangaroo,eat,dVw7HOEim4E
macropodidae,macropus_osphranter,kangaroo,eat,UV5s1sR4ZCc
macropodidae,macropus_osphranter,kangaroo,eat,p1yNk7cI6Qg
macropodidae,macropus_osphranter,kangaroo,eat,8Nt5DnNFvEc
macropodidae,macropus_osphranter,kangaroo,eat,gB2A0PsaO4A
macropodidae,macropus_osphranter,kangaroo,eat,3EJU0alz054
macropodidae,macropus_osphranter,kangaroo,eat,ivnQ_6Lbej8
macropodidae,macropus_osphranter,kangaroo,eat,hFqL_nG17S0
macropodidae,macropus_osphranter,kangaroo,eat,1TeR4ZtqxZ0
macropodidae,macropus_osphranter,kangaroo,eat,VEqzOTZ9xR4
macropodidae,macropus_osphranter,kangaroo,eat,2xARPiOOaSY
macropodidae,macropus_osphranter,kangaroo,eat,8Nt5DnNFvEc
macropodidae,macropus_osphranter,kangaroo,eat,wq5YHXG_uSc
macropodidae,macropus_osphranter,kangaroo,eat,CBQi1w9F_WA
macropodidae,macropus_osphranter,kangaroo,eat,aEJoud_iw60
macropodidae,macropus_osphranter,kangaroo,eat,_A1s3pGVUR4
macropodidae,macropus_osphranter,kangaroo,eat,lVtb_Hv0Rsk
macropodidae,macropus_osphranter,kangaroo,eat,Gay6iMMpvGA
macropodidae,macropus_osphranter,kangaroo,eat,AsiTGFHUc-Q
macropodidae,macropus_osphranter,kangaroo,eat,AZFPgMXy-yk
macropodidae,macropus_osphranter,kangaroo,eat,9cblELDu7hQ
macropodidae,macropus_osphranter,kangaroo,eat,nNSsB4gm9bw
macropodidae,macropus_osphranter,kangaroo,eat,1KW5H7-XNZM
macropodidae,macropus_osphranter,kangaroo,eat,fe_Qjq0NLWw
macropodidae,macropus_osphranter,kangaroo,eat,dEWfYKZbttA
macropodidae,macropus_osphranter,kangaroo,eat,vvp0IAkioXY
macropodidae,macropus_osphranter,kangaroo,eat,dVw7HOEim4E
macropodidae,macropus_osphranter,kangaroo,eat,zUohNxoHmUI
macropodidae,macropus_osphranter,kangaroo,eat,UV5s1sR4ZCc
macropodidae,macropus_osphranter,kangaroo,eat,gB2A0PsaO4A
macropodidae,macropus_osphranter,kangaroo,eat,8Nt5DnNFvEc
macropodidae,macropus_osphranter,kangaroo,eat,1Q2qiQnIaFI
macropodidae,macropus_osphranter,kangaroo,eat,cfcgPTL8mpU
macropodidae,macropus_osphranter,kangaroo,eat,YBrwLn1_e4I
macropodidae,macropus_osphranter,kangaroo,eat,sUY1_xQoJco
macropodidae,macropus_osphranter,kangaroo,eat,VopqhH06C2g
macropodidae,macropus_osphranter,kangaroo,eat,lAA4vilquRY
macropodidae,macropus_osphranter,kangaroo,eat,2xARPiOOaSY
macropodidae,macropus_osphranter,kangaroo,eat,p1yNk7cI6Qg
macropodidae,macropus_osphranter,kangaroo,eat,lyMAuD8AMxU
macropodidae,macropus_osphranter,kangaroo,eat,FlvO3Klgfus
macropodidae,macropus_osphranter,kangaroo,eat,Tt2T-lsX8wU
macropodidae,macropus_osphranter,kangaroo,eat,qOA0Mgu_LY0
macropodidae,macropus_osphranter,kangaroo,eat,G3aA3vp7Ofk
macropodidae,macropus_osphranter,kangaroo,eat,jfGZdh9WKqs
macropodidae,macropus_osphranter,kangaroo,eat,udHtyxXslXk
macropodidae,macropus_osphranter,kangaroo,eat,apxKJZ8i88g
macropodidae,macropus_osphranter,kangaroo,eat,OxrqclcDpgA
macropodidae,macropus_osphranter,kangaroo,eat,nCj81MJPFoE
macropodidae,macropus_osphranter,kangaroo,eat,CXFymc4Haz0
macropodidae,macropus_osphranter,kangaroo,eat,yqhj4tEpoBE
macropodidae,macropus_osphranter,kangaroo,eat,xiGxJSEDGw8
macropodidae,macropus_osphranter,kangaroo,eat,PXETV8nrQ9Q
macropodidae,macropus_osphranter,kangaroo,eat,ptDTBCCR5cA
macropodidae,macropus_osphranter,kangaroo,eat,gkZebiz7I_Q
macropodidae,macropus_osphranter,kangaroo,eat,xk8xnuTJ7Do
macropodidae,macropus_osphranter,kangaroo,eat,g9knqL8j8js
macropodidae,macropus_osphranter,kangaroo,eat,h2EQreZxVko
macropodidae,macropus_osphranter,kangaroo,eat,qP8CqPKdCWQ
macropodidae,macropus_osphranter,kangaroo,eat,Jg1Ob0QPnCE
macropodidae,macropus_osphranter,kangaroo,eat,cPI_XSpndkM
macropodidae,macropus_osphranter,kangaroo,eat,kiQAG41mRRY
macropodidae,macropus_osphranter,kangaroo,eat,ktlYNc6KDrk
macropodidae,macropus_osphranter,kangaroo,eat,TIlZfNO2PwU
macropodidae,macropus_osphranter,kangaroo,eat,ecsx6E2MUkM
macropodidae,macropus_osphranter,kangaroo,eat,4u-X1I9nyEY
macropodidae,macropus_osphranter,kangaroo,eat,HpRIXTPWZvo
macropodidae,macropus_osphranter,kangaroo,eat,IloqS8-VdzA
macropodidae,macropus_osphranter,kangaroo,eat,P8v2lxpFz9E
macropodidae,macropus_osphranter,kangaroo,eat,wJ2DbZ49VcI
macropodidae,macropus_osphranter,kangaroo,eat,vaO4Tn_2JF4
macropodidae,macropus_osphranter,kangaroo,eat,BjW68EnhMlo
macropodidae,macropus_osphranter,kangaroo,eat,TYfIyyzI9ZA
macropodidae,macropus_osphranter,kangaroo,eat,DBUEpctcu0c
macropodidae,macropus_osphranter,kangaroo,play,tWJHdkayA8M
macropodidae,macropus_osphranter,kangaroo,play,MF0x-4Ba7ew
macropodidae,macropus_osphranter,kangaroo,play,Zol82ES0aPY
macropodidae,macropus_osphranter,kangaroo,play,BjJU_2QuryA
macropodidae,macropus_osphranter,kangaroo,play,JBAdgO4j8FU
macropodidae,macropus_osphranter,kangaroo,play,SnRSmBEPobI
macropodidae,macropus_osphranter,kangaroo,play,7Glm2vroCYI
macropodidae,macropus_osphranter,kangaroo,play,Mk3pxgne9os
macropodidae,macropus_osphranter,kangaroo,play,Wc0AebgJqlE
macropodidae,macropus_osphranter,kangaroo,play,c5mI_aGEKbE
macropodidae,macropus_osphranter,kangaroo,play,cCmQvP2ZrvY
macropodidae,macropus_osphranter,kangaroo,play,_lgxkROQu_s
macropodidae,macropus_osphranter,kangaroo,play,xUMQbc26UHM
macropodidae,macropus_osphranter,kangaroo,play,iQrGGJeuF9Y
macropodidae,macropus_osphranter,kangaroo,play,m0zXJAuAtYw
macropodidae,macropus_osphranter,kangaroo,play,kCQ5tpsm2fU
macropodidae,macropus_osphranter,kangaroo,play,W2Su1YZJaJE
macropodidae,macropus_osphranter,kangaroo,play,wCs9LK2S-Hw
macropodidae,macropus_osphranter,kangaroo,play,NQ_fxviJUJE
macropodidae,macropus_osphranter,kangaroo,play,VAxDNiaU4To
macropodidae,macropus_osphranter,kangaroo,play,PpBHIAd67Yw
macropodidae,macropus_osphranter,kangaroo,play,e0Z9z8rHfGw
macropodidae,macropus_osphranter,kangaroo,play,2Tf93DYwvX0
macropodidae,macropus_osphranter,kangaroo,play,HRPl_SzYjq4
macropodidae,macropus_osphranter,kangaroo,play,agqGH3r186c
macropodidae,macropus_osphranter,kangaroo,play,sAO6PkzgnQM
macropodidae,macropus_osphranter,kangaroo,play,Toh3RDixd80
macropodidae,macropus_osphranter,kangaroo,play,_hdVvdhUIhI
macropodidae,macropus_osphranter,kangaroo,play,-pTsdDbXN_U
macropodidae,macropus_osphranter,kangaroo,play,NmnNKCyC1d0
macropodidae,macropus_osphranter,kangaroo,play,GAhOVtv9TGQ
macropodidae,macropus_osphranter,kangaroo,play,KShVIzhomKk
macropodidae,macropus_osphranter,kangaroo,play,lKbVFTN3MEs
macropodidae,macropus_osphranter,kangaroo,play,Q5xEx2UfIEY
macropodidae,macropus_osphranter,kangaroo,play,vo98uDbJTsI
macropodidae,macropus_osphranter,kangaroo,play,rM8VIKrA0hQ
macropodidae,macropus_osphranter,kangaroo,play,XaqbzB1A6x0
macropodidae,macropus_osphranter,kangaroo,play,4RmXTHFaoRQ
macropodidae,macropus_osphranter,kangaroo,play,buXUyIeG0X0
macropodidae,macropus_osphranter,kangaroo,play,JsAkanv3Avw
macropodidae,macropus_osphranter,kangaroo,play,YiItV7S7Mzw
macropodidae,macropus_osphranter,kangaroo,play,fBRLrhwn37U
macropodidae,macropus_osphranter,kangaroo,play,QcD_wB7t4sY
macropodidae,macropus_osphranter,kangaroo,play,vq6rTxd4sj8
macropodidae,macropus_osphranter,kangaroo,play,iT89S_O5ceA
macropodidae,macropus_osphranter,kangaroo,play,BsSRHBIdt_g
macropodidae,macropus_osphranter,kangaroo,play,IbhD5oA5zvM
macropodidae,macropus_osphranter,kangaroo,play,UVz4R_b-nJ4
macropodidae,macropus_osphranter,kangaroo,play,JiBhBZOUCnI
macropodidae,macropus_osphranter,kangaroo,play,0IOcsPnGWT4
macropodidae,macropus_osphranter,kangaroo,play,dfYHbWslVC4
macropodidae,macropus_osphranter,kangaroo,play,dpDXyWr1qpU
macropodidae,macropus_osphranter,kangaroo,play,2Tf93DYwvX0
macropodidae,macropus_osphranter,kangaroo,play,g-VOB3MLeMI
macropodidae,macropus_osphranter,kangaroo,play,Gdk_TsZ1-BU
macropodidae,macropus_osphranter,kangaroo,slap,CtpKVFLebyU
macropodidae,macropus_osphranter,kangaroo,vomit,onkGq5ZWIZk
macropodidae,macropus_osphranter,kangaroo,vomit,YGD3ZDo_k1w
macropodidae,macropus_osphranter,kangaroo,vomit,lZs7y2MUFSg
macropodidae,macropus_osphranter,kangaroo,vomit,ruwdnF1XXu8
macropodidae,macropus_osphranter,kangaroo,vomit,9jcBtvAnE2c
macropodidae,macropus_osphranter,kangaroo,vomit,OYU2rd7E0sY
macropodidae,macropus_osphranter,kangaroo,vomit,5_8XcJDRdaE
macropodidae,macropus_osphranter,kangaroo,vomit,QL0cQDQRP8E
macropodidae,macropus_osphranter,kangaroo,vomit,7DaKaqnozkk
macropodidae,macropus_osphranter,kangaroo,vomit,MaxaHMdoqhE
macropodidae,macropus_osphranter,kangaroo,vomit,rLA2W_odyCs
macropodidae,macropus_osphranter,kangaroo,store,KnoHCHKC_Ps
macropodidae,macropus_osphranter,kangaroo,drink,EeKFKFiHFf4
macropodidae,macropus_osphranter,kangaroo,drink,PVlKTr2xx-0
macropodidae,macropus_osphranter,kangaroo,drink,CJADsyQ5CTE
macropodidae,macropus_osphranter,kangaroo,drink,Y2C5lyx9eKg
macropodidae,macropus_osphranter,kangaroo,drink,Kw7LM_mkEdc
macropodidae,macropus_osphranter,kangaroo,drink,XKdxPb5ijO8
macropodidae,macropus_osphranter,kangaroo,drink,hxjR7gHz5Ss
macropodidae,macropus_osphranter,kangaroo,drink,2xjNY113ZTw
macropodidae,macropus_osphranter,kangaroo,drink,08dyVfjgosA
macropodidae,macropus_osphranter,kangaroo,drink,vR02WcVZ-aI
macropodidae,macropus_osphranter,kangaroo,drink,Tm4Mp1Bfaf4
macropodidae,macropus_osphranter,kangaroo,drink,3jabWp3ioso
macropodidae,macropus_osphranter,kangaroo,drink,tIGHDlNUYO4
macropodidae,macropus_osphranter,kangaroo,drink,-h-TtKShM8A
macropodidae,macropus_osphranter,kangaroo,drink,-v345Z6FNFA
macropodidae,macropus_osphranter,kangaroo,drink,x7noOgf2KwM
macropodidae,macropus_osphranter,kangaroo,drink,mnHON6AJ0r4
macropodidae,macropus_osphranter,kangaroo,drink,uuEGNMWSvO4
macropodidae,macropus_osphranter,kangaroo,drink,lwr5w05j2nQ
macropodidae,macropus_osphranter,kangaroo,drink,OwyT1PekAfg
macropodidae,macropus_osphranter,kangaroo,drink,KtwVCXoQkVI
macropodidae,macropus_osphranter,kangaroo,drink,XLrUT_bJaFA
macropodidae,macropus_osphranter,kangaroo,drink,p6SmTEloOqU
macropodidae,macropus_osphranter,kangaroo,drink,jARdDamgo5g
macropodidae,macropus_osphranter,kangaroo,drink,uPGIp4BaJkM
macropodidae,macropus_osphranter,kangaroo,drink,13fYTmP9iWY
macropodidae,macropus_osphranter,kangaroo,drink,QSQzJHT_hv8
macropodidae,macropus_osphranter,kangaroo,drink,q1GVkx7WY9w
macropodidae,macropus_osphranter,kangaroo,drink,PmZ6YGCcu1Y
macropodidae,macropus_osphranter,kangaroo,drink,eQcc4asNAtI
macropodidae,macropus_osphranter,kangaroo,drink,u5NQmdtUnc4
macropodidae,macropus_osphranter,kangaroo,drink,rpib0H-itQ8
macropodidae,macropus_osphranter,kangaroo,drink,GbCCTyYiYRo
macropodidae,macropus_osphranter,kangaroo,drink,sU0rWO-wg0g
macropodidae,macropus_osphranter,kangaroo,drink,lz3qBn3yi3U
macropodidae,macropus_osphranter,kangaroo,drink,QTnlZhHRi6g
macropodidae,macropus_osphranter,kangaroo,drink,xpx_BvQAdbM
macropodidae,macropus_osphranter,kangaroo,drink,QXnBLbUn_OA
macropodidae,macropus_osphranter,kangaroo,drink,nVYdIXoVqfY
macropodidae,macropus_osphranter,kangaroo,drink,eI52JE0tMEI
macropodidae,macropus_osphranter,kangaroo,drink,Nje39nobAt4
macropodidae,macropus_osphranter,kangaroo,drink,VaSoSsvs0J4
macropodidae,macropus_osphranter,kangaroo,drink,jrmDEK3lh1w
macropodidae,macropus_osphranter,kangaroo,drink,1YNuM6Bp5Ow
macropodidae,macropus_osphranter,kangaroo,drink,wZqBaYHsuTY
macropodidae,macropus_osphranter,kangaroo,drink,suPFbIJmeLo
macropodidae,macropus_osphranter,kangaroo,drink,lLy6fUtLcFM
macropodidae,macropus_osphranter,kangaroo,drink,0vWh2_3xtmQ
macropodidae,macropus_osphranter,kangaroo,drink,W7cEBLMgtVM
macropodidae,macropus_osphranter,kangaroo,drink,cp_Luoiqhsw
macropodidae,macropus_osphranter,kangaroo,drink,277DJpdWd-g
macropodidae,macropus_osphranter,kangaroo,drink,iooPiNkfa24
macropodidae,macropus_osphranter,kangaroo,drink,U9HPMAifdrU
macropodidae,macropus_osphranter,kangaroo,drink,xIsGXgTdGGc
macropodidae,macropus_osphranter,kangaroo,drink,8TFTWRsqDAs
macropodidae,macropus_osphranter,kangaroo,drink,7YKAhimZRq8
macropodidae,macropus_osphranter,kangaroo,drink,Vr9fWO0J2s8
macropodidae,macropus_osphranter,kangaroo,drink,JhXJvnz6IOc
macropodidae,macropus_osphranter,kangaroo,drink,8TFTWRsqDAs
macropodidae,macropus_osphranter,kangaroo,drink,7YKAhimZRq8
macropodidae,macropus_osphranter,kangaroo,sex,kgDEbBiJFyY
macropodidae,macropus_osphranter,kangaroo,fight,WCcLMNcWZOc
macropodidae,macropus_osphranter,kangaroo,fight,OrIS4vTtpig
macropodidae,macropus_osphranter,kangaroo,fight,gzCb2XgTBYQ
macropodidae,macropus_osphranter,kangaroo,fight,rRddLDynsCs
macropodidae,macropus_osphranter,kangaroo,fight,LBA43iChw-A
macropodidae,macropus_osphranter,kangaroo,fight,cSo27VzNb6I
macropodidae,macropus_osphranter,kangaroo,fight,8JogvAFfm_A
macropodidae,macropus_osphranter,kangaroo,fight,2Wzk_UlPcWg
macropodidae,macropus_osphranter,kangaroo,fight,5UvzAkP9A1Y
macropodidae,macropus_osphranter,kangaroo,fight,s2Rn_JpcoKU
macropodidae,macropus_osphranter,kangaroo,fight,mQMOd5Vwdc8
macropodidae,macropus_osphranter,kangaroo,fight,gsMx-nT1aPM
macropodidae,macropus_osphranter,kangaroo,fight,mvHlJoDL-x4
macropodidae,macropus_osphranter,kangaroo,fight,5_Edjomy3ww
macropodidae,macropus_osphranter,kangaroo,fight,lTUpat2VtrE
macropodidae,macropus_osphranter,kangaroo,fight,070in2QQDL8
macropodidae,macropus_osphranter,kangaroo,fight,AFSassQJ0b8
macropodidae,macropus_osphranter,kangaroo,fight,re2xy18RFN4
macropodidae,macropus_osphranter,kangaroo,fight,sNed-psPx3M
macropodidae,macropus_osphranter,kangaroo,fight,eM8VzpEhnRk
macropodidae,macropus_osphranter,kangaroo,fight,ooht6dsj7M0
macropodidae,macropus_osphranter,kangaroo,fight,ZW0Hq5N71tw
macropodidae,macropus_osphranter,kangaroo,fight,d9OBqYbZ99c
macropodidae,macropus_osphranter,kangaroo,fight,WfMw7dmtwJM
macropodidae,macropus_osphranter,kangaroo,fight,hBOyj7pQUdY
macropodidae,macropus_osphranter,kangaroo,fight,E7Agpbzb4K0
macropodidae,macropus_osphranter,kangaroo,fight,zm9Qa4ZXo4E
macropodidae,macropus_osphranter,kangaroo,fight,rxCBeXyjZRc
macropodidae,macropus_osphranter,kangaroo,fight,jahPCzoqrUg
macropodidae,macropus_osphranter,kangaroo,fight,ZT8Zh69Zlgs
macropodidae,macropus_osphranter,kangaroo,fight,3gqBvH2N3P0
macropodidae,macropus_osphranter,kangaroo,fight,mbnw_k2zE6o
macropodidae,macropus_osphranter,kangaroo,fight,x3U_Ni8kBPI
macropodidae,macropus_osphranter,kangaroo,fight,cTC3IAiTeHQ
macropodidae,macropus_osphranter,kangaroo,fight,Y2RcwjBc2II
macropodidae,macropus_osphranter,kangaroo,fight,Sh2-wW1Cq_M
macropodidae,macropus_osphranter,kangaroo,fight,fQ_A8MJ1-bM
macropodidae,macropus_osphranter,kangaroo,fight,vWZVd1OCgbw
macropodidae,macropus_osphranter,kangaroo,fight,9UsVaccpFwg
macropodidae,macropus_osphranter,kangaroo,fight,iQVkoighJQU
macropodidae,macropus_osphranter,kangaroo,fight,tobupQ1b0rQ
macropodidae,macropus_osphranter,kangaroo,fight,5_tyK1cGXdE
macropodidae,macropus_osphranter,kangaroo,fight,OpkPhLsGnv8
macropodidae,macropus_osphranter,kangaroo,fight,AyJ8hckiycU
macropodidae,macropus_osphranter,kangaroo,fight,WIFlfzHhDDs
macropodidae,macropus_osphranter,kangaroo,fight,F6OOhV2OraM
macropodidae,macropus_osphranter,kangaroo,fight,hljmbeq0y-I
macropodidae,macropus_osphranter,kangaroo,fight,GygcAY_XNdw
macropodidae,macropus_osphranter,kangaroo,fight,n7xuVf_Ib8A
macropodidae,macropus_osphranter,kangaroo,fight,QIn8KTqbSeQ
macropodidae,macropus_osphranter,kangaroo,fight,8HVorYoxYg8
macropodidae,macropus_osphranter,kangaroo,fight,h8-MtB6V_Rs
macropodidae,macropus_osphranter,kangaroo,fight,lJ_tJ4ySOSc
macropodidae,macropus_osphranter,kangaroo,fight,P19rdJ_9dJw
macropodidae,macropus_osphranter,kangaroo,fight,eWpGVtomLfs
macropodidae,macropus_osphranter,kangaroo,fight,ambt23TV_a4
macropodidae,macropus_osphranter,kangaroo,fight,iOkNPkgYWbU
macropodidae,macropus_osphranter,kangaroo,fight,J8srrdKp9Ac
macropodidae,macropus_osphranter,kangaroo,fight,JKCfHOYGlaM
macropodidae,macropus_osphranter,kangaroo,fight,Gejl3FxxXi8
macropodidae,macropus_osphranter,kangaroo,fight,3cfTuCAdPBc
macropodidae,macropus_osphranter,kangaroo,fight,e2gh6a3gGkw
macropodidae,macropus_osphranter,kangaroo,fight,A-PlM7QPX_U
macropodidae,macropus_osphranter,kangaroo,fight,UDt6CfUNbHQ
macropodidae,macropus_osphranter,kangaroo,fight,ZnCxI-HZtN4
macropodidae,macropus_osphranter,kangaroo,fight,XO6Fox0Jo4A
macropodidae,macropus_osphranter,kangaroo,fight,iD2CSBDOPjw
macropodidae,macropus_osphranter,kangaroo,fight,vun1ISNVkVI
macropodidae,macropus_osphranter,kangaroo,sleep,9C2VOHkrMKg
macropodidae,macropus_osphranter,kangaroo,sleep,4_5EXKZSE34
macropodidae,macropus_osphranter,kangaroo,sleep,nNs8T-Kd1C4
macropodidae,macropus_osphranter,kangaroo,sleep,VutmaWcg0dE
macropodidae,macropus_osphranter,kangaroo,sleep,KEdTquRDmT4
macropodidae,macropus_osphranter,kangaroo,sleep,L643frpRwik
macropodidae,macropus_osphranter,kangaroo,sleep,tK3YlJa_Knk
macropodidae,macropus_osphranter,kangaroo,sleep,y3AWW95JOEU
macropodidae,macropus_osphranter,kangaroo,sleep,_LeJECaTqJg
macropodidae,macropus_osphranter,kangaroo,sleep,EH5YYezBNzs
macropodidae,macropus_osphranter,kangaroo,sleep,wsi1RThWavk
macropodidae,macropus_osphranter,kangaroo,sleep,hmp5D5PB9Sg
macropodidae,macropus_osphranter,kangaroo,sleep,VKVtuOWv1vA
macropodidae,macropus_osphranter,kangaroo,sleep,RA3CPl93Ji4
macropodidae,macropus_osphranter,kangaroo,sleep,hSr5KHSkChI
macropodidae,macropus_osphranter,kangaroo,sleep,NsyuNpves44
macropodidae,macropus_osphranter,kangaroo,sleep,4K6wnKVwVMA
macropodidae,macropus_osphranter,kangaroo,sleep,L6hjI7Kb60s
macropodidae,macropus_osphranter,kangaroo,sleep,35Aoyphs3_M
macropodidae,macropus_osphranter,kangaroo,sleep,izxC9prT7c0
macropodidae,macropus_osphranter,kangaroo,sleep,xmx5MTr5eXg
macropodidae,macropus_osphranter,kangaroo,sleep,B9rYJ3DLAkc
macropodidae,macropus_osphranter,kangaroo,sleep,LP-65kg9NSY
macropodidae,macropus_osphranter,kangaroo,sleep,hnxCc-IpwSM
macropodidae,macropus_osphranter,kangaroo,sleep,ibKeekNj-W4
macropodidae,macropus_osphranter,kangaroo,sleep,U3C9XuKEXWc
macropodidae,macropus_osphranter,kangaroo,sleep,D0V0_lfVtmA
macropodidae,macropus_osphranter,kangaroo,sleep,ICfm2txOUtE
macropodidae,macropus_osphranter,kangaroo,sleep,GJSCtRlxdAA
macropodidae,macropus_osphranter,kangaroo,sleep,4KQiIdjHVRY
macropodidae,macropus_osphranter,kangaroo,sleep,hd31g6zz_Wc
macropodidae,macropus_osphranter,kangaroo,sleep,epQeMF590q8
macropodidae,macropus_osphranter,kangaroo,sleep,Q3hpJ4Kedxk
macropodidae,macropus_osphranter,kangaroo,sleep,9W7TGabxQX0
macropodidae,macropus_osphranter,kangaroo,sleep,k0UW2U5_dGI
macropodidae,macropus_osphranter,kangaroo,sleep,mUwnGt39Uz0
macropodidae,macropus_osphranter,kangaroo,sleep,hc2qAigECT0
macropodidae,macropus_osphranter,kangaroo,sleep,ITpZLgRs4Qg
macropodidae,macropus_osphranter,kangaroo,sleep,_jd_3RJw9f0
macropodidae,macropus_osphranter,kangaroo,sleep,4mLX8hpztmY
macropodidae,macropus_osphranter,kangaroo,sleep,eLrr8ZBf6iY
macropodidae,macropus_osphranter,kangaroo,sleep,fXhWXnVQm-4
macropodidae,macropus_osphranter,kangaroo,sleep,5Xj3Nfa3iyE
macropodidae,macropus_osphranter,kangaroo,sleep,AgAM2XBbH5E
macropodidae,macropus_osphranter,kangaroo,sleep,-P3d13mqOlM
macropodidae,macropus_osphranter,kangaroo,sleep,eAn9CCxWSX4
macropodidae,macropus_osphranter,kangaroo,sleep,ALxBnIboGrY
macropodidae,macropus_osphranter,kangaroo,sleep,zPrHn8Yk38k
macropodidae,macropus_osphranter,kangaroo,sleep,fARvjyhUdrc
macropodidae,macropus_osphranter,kangaroo,sleep,-jbr0gWIrtE
macropodidae,macropus_osphranter,kangaroo,sleep,LntmBLmqZcA
macropodidae,macropus_osphranter,kangaroo,sleep,KFaxWsv4e9I
macropodidae,macropus_osphranter,kangaroo,sleep,J54y3gCGVkI
macropodidae,macropus_osphranter,kangaroo,sleep,Cj-qQDgsthc
macropodidae,macropus_osphranter,kangaroo,sleep,nBx8vVWByvY
macropodidae,macropus_osphranter,kangaroo,sleep,8f7RkNXeFS4
macropodidae,macropus_osphranter,kangaroo,sleep,XhZHVhHZDLw
macropodidae,macropus_osphranter,kangaroo,sleep,_YMMw2NcnM0
macropodidae,macropus_osphranter,kangaroo,sleep,coGvjtyy8j8
macropodidae,macropus_osphranter,kangaroo,sleep,JJkb6CpbM-g
macropodidae,macropus_osphranter,kangaroo,sleep,70vH1vnITcA
macropodidae,macropus_osphranter,kangaroo,sleep,4ITSKoruyZg
macropodidae,macropus_osphranter,kangaroo,sleep,swH26HixJO4
macropodidae,macropus_osphranter,kangaroo,sleep,HcpE17H7UwE
macropodidae,macropus_osphranter,kangaroo,sleep,TNoFa__Xa8o
macropodidae,macropus_osphranter,kangaroo,sleep,uc43eoirbOM
macropodidae,macropus_osphranter,kangaroo,sleep,dBQcZzbWBnA
macropodidae,macropus_osphranter,kangaroo,sleep,qO75x2MR920
macropodidae,macropus_osphranter,kangaroo,sleep,gy6eQcOCw2Y
macropodidae,macropus_osphranter,kangaroo,sleep,F3JTckwUk8U
macropodidae,macropus_osphranter,kangaroo,sleep,9Mz6IY8P6hg
macropodidae,macropus_osphranter,kangaroo,sleep,NaOJ94NWdOY
macropodidae,macropus_osphranter,kangaroo,sleep,xLuY_hBq4G8
macropodidae,macropus_osphranter,kangaroo,sleep,wA4pNKKxlo8
macropodidae,macropus_osphranter,kangaroo,sleep,KOKpzWHr6ac
macropodidae,macropus_osphranter,kangaroo,sleep,KFa68k9w1D8
macropodidae,macropus_osphranter,kangaroo,sleep,ltYLdCRTMv0
macropodidae,macropus_osphranter,kangaroo,sleep,JpNYMonL990
macropodidae,macropus_osphranter,kangaroo,sleep,duq-65OC5no
macropodidae,macropus_osphranter,kangaroo,sleep,4p9aaqvXkJc
macropodidae,macropus_osphranter,kangaroo,sleep,UAXERC8l5ec
macropodidae,macropus_osphranter,kangaroo,sleep,eFUxQo0lJFE
macropodidae,macropus_osphranter,kangaroo,sleep,w1ltWt74AdY
macropodidae,macropus_osphranter,kangaroo,sleep,T97-0-RLImg
macropodidae,macropus_osphranter,kangaroo,sleep,uuqHBw9JYAA
macropodidae,macropus_osphranter,kangaroo,sleep,91JvZyJ8aAM
